NAME,ID,BIO,FOLLOWING,FOLLOWERS,MEDIACOUNT,PHONE,MAIL,ISVERIFIED,EXTERNALURL,NROFHIGHLIGHTS,ISBUSINESSACCOUNT,ISRECENTLYJOINED,BUSINESSCATEGORY
Result Number:	1
proteindragon',0,'Bas ud83cuddf3ud83cuddf1Training of Lifestyle plan. dm u2728FITNESS | LIFESTYLE | FASHION  u2014u2014u2014u2014u2014u2014u2014u2014u2014u2014u2014u2014u2014u2014u2014u2014u2014u2014In a world where you can be everyone',509,1073,0,',',,false,'https://linktr.ee/proteindragon',5,false,false,null'
Result Number:	2
infinitytrainerjf',0,'ud83dudcf7 | Fitness Modelud83dudc34 | Coach en @crosstrainingrf L1',7322,7445,0,',',,false,'https://youtu.be/vgtueHkT3UY',15,false,false,null'
Result Number:	3
ashjanefitness',0,'FITNESS ASHLEY u0026 JANETu2716ufe0fPERSONAL TRAINING u2716ufe0fCHALLENGES u2716ufe0fONLINE TRAINING"',877,3188,0,',',,false,'https://www.paypal.me/ashxjanefitness',0,false,false,null'
Result Number:	4
sarahashbourne',0,'ud83dudcaaud83cudffc #NASM CPTud83dudcbbEmail for Coachingu2764ufe0f@ehplabs_canada  #teamEHPud83dudc99@f45_training_hydeparkcanada Helping you find a sustainable fitness routine!The Blogu2935ufe0f"',1507,2958,0,',',,false,'http://sarahashbourne.com/',8,false,false,null'
Result Number:	5
veganfitnessgoddess',0,'CEO Lord Elite Trainingu2122ufe0fud83cudfcbufe0fud83cudffeu200du2640ufe0fVegan PTud83eudd57Vegan Nutrition ud83cudfd6Vegan Health Retreatsud83dudcfa YouTube: VeganFitnessGoddess TVHttps://veganfitnessgoddesstv.com"',3907,33195,0,',',,false,'null',8,false,false,null'
Result Number:	6
mikebradshawsr',0,'GOD-FamilyFirstud83cudf97Military Inspired Fitnessu25aaufe0f @TrainingMask Coachud83dudd38 @FitRadio Coachu2694ufe0f @NashvilleKnights  @Teamtrainhard ud83dudc68ud83cudffdu200dud83cudf93 ExerciseScience ARMY"',6079,39046,0,',',,false,'http://TEAMTRAINHARD.COM/',5,false,false,null'
Result Number:	7
chadcurtisfitness',0,'ud83eudd47NGA Pro ud83cudfc62x GR Physique Championud83cudf93B.S. Exercise Science-ud83dudd39Online Fitness Coachingud83dudd39Personal Training ud83dudc49ud83cudffc@coachedbychadud83dudce7 Email:chad@proedgefit.com"',5686,13325,0,',',,false,'http://linktr.ee/chadcurtisfitness',10,false,false,null'
Result Number:	8
lena.naomi',0,'u300bNaomiu300au300bud83dudcaf How to: #selbstliebelernenu300au300bud83dudcaaud83cudffc #vomlauchzumhulku300au300bYogatrainerinu300au300bud83dudd1c B.A.Fitnesstrainingu300a"',145,442,0,',',,false,'https://naomiscoaching.home.blog/',7,false,false,null'
Result Number:	9
triplets_in_cornwall',0,'Triplet Mother to ABC ud83cudf32ud83cudff9ud83cudf33ud83cudfc3u200du2640ufe0fVLM finisherud83dudc69u200dud83cudf93 Student teacherud83cudf1e Living the Kernow dream#ninjatrainingmamma  with @thefoundationfitnesscoach"',635,1620,0,',',,false,'null',9,false,false,null'
Result Number:	10
alphariginal',0,'FitnessModel|Trainer @proedgeboxing_mma_juijitsu|PhysiqueCompu00b0Online/Personal Training: ud83dudce7alphariginal.business@gmail.comYouTube/Snap:TallyP75ud83cudf35(AZ"',7464,20003,0,',',,false,'https://www.youtube.com/user/tallyp75',3,false,false,null'
Result Number:	11
rvgstrength',0,'God Firstud83dude4fud83cudffcIRON SHARPENS IRONHealth and Fitnessud83cudfc6Classic Physique IFBB Pro @teamallmax @ironrebel RVG10 @selfmadetrainingfacilityphx ud83dudc99@fitfabash"',2449,2650,0,',',,false,'null',2,false,false,null'
Result Number:	12
hyperfocus_fitness',0,'ud83dudd3833 | #fitness | #lifestyle | #teamdedicated ud83dudd38PERSONAL TRAINING | COACHING u2199ufe0fud83dudd38 kontakt@hyperfocus-fitness.com ud83dudccdbased in : #0711 STGT | LB"',470,32749,0,',',,false,'http://www.hyperfocus-fitness.com/',5,false,false,null'
Result Number:	13
imhof.bernhard',0,'Fitness und Hanteltraining ich bin 68 Jahre und Trainiere noch sehr Gerne und ich mu00f6chte noch so lange wie es geht Training machen und Radtouren"',842,1830,0,',',,false,'null',14,false,false,null'
Result Number:	14
coltdecasas',0,'u2666ufe0fFitness Entrepreneuru2022Traineru2022CEO @limitsdontexistldeu2122ufe0fud83dudca5u2666ufe0fElite Trainingu2022Nutrition Plans ud83cudfcbud83cudffbu200du2642ufe0fud83eudd51ud83dudcc8u2666ufe0fBodyu2022Mindu2022Soul ud83euddd8ud83cudffbu200du2642ufe0fud83eudd1fud83cudffcud83dudd49CA BREDud83cudf34/FL RESud83dudc0a"',652,708,0,',',,false,'https://www.limitsdontexist.com/',3,false,false,null'
Result Number:	15
fit_mareike',0,'ud83dudc83 TikTok: LIT_MAREIKE #TRAINING #ERNu00c4HRUNG #MINDSET @punkfluence ud83dudc47ud83cudffc Fitness-Content-Platform 7 Tage GRATIS Testen ud83dudc47ud83cudffc"',2165,72901,0,',',,false,'https://www.punkfluence.com/orders/customer_info?rfsn=3739008.ce9df8u0026o=25155',32,false,false,null'
Result Number:	16
fit_schneewittchen',0,'ud83cudde9ud83cuddea GERud83dudcaaFitness | Coaching | MotivationPersonal-/Physiotrainingud83cudfcbufe0fu200du2642ufe0f Trainerin A-Lizenz waytoyourbeachbody@gmx.deud83dudc96 #teamrocka"',615,81488,0,',',,false,'http://www.rockanutrition.de/?pid=25u0026cid=ilptr7aby',10,false,false,null'
Result Number:	17
sorayaswl',0,'Soraya ud83cudde9ud83cuddffud83cudde8ud83cudde9ud83cudde8ud83cuddebud83dudccd BORDEAUXud83cudf51 Fitness Girl ud83dudcaaud83cudffe Coach @mg_training_ In the bleak mid-winter u2764ufe0f"',583,18166,0,',',,false,'https://www.vinted.fr/membres/1053072-minibee',4,false,false,null'
Result Number:	18
sebikokol',0,'u25aaufe0fFitness u0026 Bodybuildingu25aaufe0fErnu00e4hrung u0026 Trainingu25aaufe0fSportmanagement Studentud83eudd13u25aaufe0fDeutsche Sporthochschule Ku00f6lnud83cudfdbu25aaufe0fImpressum auf Anfrage#Dauerwerbesendung"',297,1864,0,',',,false,'https://shop.spreadshirt.de/sebikokol',18,false,false,null'
Result Number:	19
fitness_thru_faith',0,'*Fitness Coach*NASM PT *NASM Nutrition Specialist*At home personal training*From negative to positive*ud83dudce5EMAIL: daniellesfoodandfitness@gmail.com"',578,654,0,',',,false,'null',0,false,false,null'
Result Number:	20
seeleyfoto',0,'ud83dudccd Denver/San Diegoud83eudd13 YouTuber in trainingud83dudcf8 Fitness Photog ud83dudca1 @interfitphoto SEELEYFIT10 10% off#fitness #fitnessphotographer NEWEST VID ud83dudc47ud83cudffdud83dudc47ud83cudffd"',422,65407,0,',',,false,'https://youtu.be/sxUItBtEBbk',6,false,false,null'
Result Number:	21
iamcarsha_',0,'Mark 10:27u2022 Fitness Guru u2022 Passport holderFor personal training visit link below ud83dudc47ud83cudffe"',1697,1745,0,',',,false,'http://www.bodiedbycarsha.weebly.com/',8,false,false,null'
Result Number:	22
thestrongwai',0,'NYCPersonal trainer NASM CPT/CES/WFS  certifiedQuestions??  Email: dw@danielwaifitness.comFor online training #strongerlongerfaster"',744,13176,0,',',,false,'http://www.danielwaifitness.com/',7,false,false,null'
Result Number:	23
fitness_by_selin',0,'u25aaufe0f10 Years Personal Trainer u25aaufe0fBased Fitness First Bondi Platinum u25aaufe0f 1:1 PT |Pre/Post Natal| small group trainingu25aaufe0f6WC u2b07ufe0fud83dudce7selinamarkos@hotmail.com"',589,664,0,',',,false,'null',30,false,false,null'
Result Number:	24
fitnez_92',0,'Always thank God philippians 4:13ud83cuddecud83cudded/ud83cudde9ud83cuddea u25abufe0fud83cudfcbud83cudffdu200du2642ufe0f Weighttrainingu25abufe0fud83eudd38ud83cudffeu200du2642ufe0f Bodyweightu25abufe0fud83dudcaaud83cudffe Fitness Tutorialu25abufe0fud83dudcf9 Exercise Vid.Bremenwifey Petrau2764ufe0f"',208,387,0,',',,false,'null',19,false,false,null'
Result Number:	25
prathamesh_narvekar_10',0,'Certified Fitness ProfessionalPersonal/Group TrainingCalisthenics u2022 Functional Training @impetus__fitness"',499,537,0,',',,false,'null',0,false,false,null'
Result Number:	26
garymcquade14',0,'My fitness life in pictures. I Love Functional training',699,926,0,',',,false,'null',0,false,false,null'
Result Number:	27
danu_fit',0,'ud83dudcaaPersonal Trainer matriculada ud83cudfcbufe0fu200du2640ufe0fInstructora de funcional training @fitnessadventure_fitZona Norte"',314,17188,0,',',,false,'null',11,false,false,null'
Result Number:	28
iamlaurenwhite',0,'INSPIRE AND BELIEVE ud83dude4fud83cudffcud83dudcabFOH Manager @sweatbybxr CWFitness Trainer ud83dudcaaud83cudffc@f45_training_highgateAmbassadoru269cufe0f@misfitshealth@joeandthejuice@natvialiving"',4647,39459,0,',',,false,'null',7,false,false,null'
Result Number:	29
fit4lifetrish',0,'u25aaufe0fASD Performance Athleteud83dudc8au25aaufe0fFormer National Gymnast ud83cudde8ud83cudde6u25aaufe0f2x Cheerleading World Championud83cudfc6u25aaufe0fTumbling Coachud83dudc95u25aaufe0fGroup training u2b07ufe0f@trish.fullbodyfitness"',991,13253,0,',',,false,'null',9,false,false,null'
